ProductID,ProductName,Category,BasePrice,DiscountAmount,StockQuantity,Description
1a6b586e-653b-4d7e-bed5-ff548bfdcb6f,Seamless maximized access,Home & Kitchen,254.94,46.44,822,Everyone place air reason low well bag service cause.
e6221569-571e-4ed5-914c-aa70b3f54cb8,Streamlined client-server capability,Clothing,nan,nan,904,Our again at reduce citizen quality must bar experience old girl standard today.
cb898d87-eaf9-4604-966e-a5ec8d2c21f6,Managed zero tolerance conglomeration,Books,223.56,22.19,479,Last may feel tend door conference simply difference possible.
800cbbdd-1af3-4cb6-b082-8b5176873768,Innovative logistical portal,Toys,975.55,73.97,589,Technology not near that no garden table magazine also blood.
eee6d8cd-8a78-4db8-b3d4-5085592a0147,Decentralized coherent firmware,Toys,840.51,232.33,592,Watch sure discussion you commercial job wide enough write kid certain full doctor.
2092caae-e5b8-41eb-b176-95d84b18fda0,Proactive full-range complexity,Electronics,844.97,217.21,868,Individual particularly prevent author analysis just another possible rather different.
8b7a93ff-9f51-412f-b450-188c840f9840,Persevering foreground hardware,Electronics,5387.375649690913,1421.03,937,Talk study else laugh however health policy reach memory better.
b9a4b28b-b077-4f48-a22f-27c3b2a0d08a,Self-enabling disintermediate help-desk,Home & Kitchen,379.0,30.93,497,You theory situation view group enjoy action.
089c290e-41d5-405c-ac5a-dfdf075c8c86,Mandatory multi-state forecast,Clothing,904.92,192.86,779,Rich home yard her husband either recently must society should similar ago.
07fc1417-cb66-4d36-bbb9-d80ba06b5833,Balanced client-server orchestration,Sports,144.21,37.11,85,Power item front fire best reduce home another whatever language up.
526e51b5-ada8-4967-9ebd-542f373dc2ab,Organized multi-state knowledge user,Home & Kitchen,177.83,18.97,551,Environment truth pass he child stand agree television likely several think.
a9ebb56c-9f69-4ed1-b265-7760512d0af0,Re-engineered 6thgeneration functionalities,Clothing,246.04,43.95,177,All own how view there personal figure.
4e034d66-6411-48bd-9658-e7cddc2980cb,Versatile cohesive utilization,Books,7570.65008958104,2097.2,431,Item play state party him true above forget change.
03b63f38-63bd-4946-89bd-a14b2e2efa7f,Inverse incremental analyzer,Toys,430.58,77.81,408,Media into product leg scientist page game affect machine.
0d32892d-233e-4136-beb1-ceee1b130214,Self-enabling intermediate toolset,Books,984.23,288.12,935,Religious recently head movement standard might.
414b7c1b-6a98-4671-a182-40fee8c97818,Right-sized motivating solution,Home & Kitchen,655.44,95.16,58,Walk couple technology politics organization best.
ff8fd7ab-b101-4637-8e7b-92513fc68335,Distributed uniform groupware,Beauty,143.89,42.54,898,Better line allow after look education cover source throw fall charge.
3d2a2252-b282-47bc-94e9-a3567eaddb13,Switchable stable encoding,Clothing,106.18,23.96,763,Example who life per either third reduce office yourself candidate statement smile Democrat.
75de4d1e-fd4b-4d10-a8f3-8189e33cf6aa,Re-engineered scalable Graphic Interface,Home & Kitchen,501.9,134.58,478,Anyone tell already summer eat admit only learn than its clear bad.
19fd6955-e3c8-4530-bb5e-2451f26c08fe,Grass-roots modular support,Home & Kitchen,257.88,17.89,245,Information send though admit challenge garden change participant total simple group sea.
0a4c87aa-cf2e-44bf-8804-6b353f97399c,Managed contextually-based utilization,Electronics,401.94,63.75,888,Heavy half thing someone speech entire son place beat.
daae41c4-dce3-4d5a-a0c3-c5253755ad12,Robust maximized instruction set,Home & Kitchen,979.65,141.17,477,On author three similar agree movement science mother.
82e03294-dd23-4266-b19a-4092fa39d12e,Reduced explicit model,Sports,710.16,119.91,539,For technology sit individual letter woman information.
d888d8b3-8a0c-4457-8a61-06e9c8599a45,Open-architected static capacity,Books,92.02,4.82,195,Board American oil energy probably exactly however road hit draw lead wish.
573c49de-3052-4f10-a347-5ce79703d9b9,Intuitive high-level utilization,Beauty,nan,nan,715,Other all certainly this cost your indicate situation situation staff head arm city.
c1087654-17fa-4898-a9b2-e8aeced2f188,Distributed leadingedge Local Area Network,Sports,1918.0095849998736,270.49,786,Wait against sport thousand discussion according will explain current well increase table.
9b7aa2ea-cfe6-45f1-b369-90349c55bf0d,Optional clear-thinking matrices,Books,nan,nan,455,Couple hair when knowledge east human large debate produce.
77a6b828-4af6-4927-94a9-5747cc798433,Triple-buffered static orchestration,Electronics,911.82,159.67,235,To service leg big often notice star guy.
fef54a5c-4339-40f0-b067-4a5a828ec07f,Exclusive logistical moratorium,Home & Kitchen,138.35,31.39,765,Hope instead brother brother technology hair admit all create.
9de41606-29d4-464a-99f1-7f42deabd1fd,Enterprise-wide content-based encryption,Books,973.51,5.56,872,Evening performance own big front would worker production consumer floor which put.
f2fb63e2-8b51-4819-8031-6d3beed5da8d,Phased asymmetric time-frame,Books,870.36,87.44,89,Perform minute can cell young many foot deep where.
2aa05c9c-6f5e-4a15-80be-114a8345c08b,Multi-lateral asymmetric toolset,Electronics,394.35,116.87,625,Draw phone agree truth investment other.
c627c096-205a-4c4d-acbb-0c3d0693c2d8,Re-engineered multi-state knowledgebase,Sports,658.0,175.48,188,Study onto member begin discussion attention.
1d96f97e-2dfd-452d-b4ca-d7c712626aa6,Assimilated 24hour hardware,Home & Kitchen,931.33,224.39,243,Store member investment son floor stuff alone example open will Democrat would.
082afc85-4c9c-411b-abac-740322a3c9d6,Face-to-face fault-tolerant protocol,Clothing,373.94,4.78,804,List to customer move official beyond then middle.
f4fd15a6-c44a-42ae-884c-eb7d3cf721bd,Up-sized stable knowledge user,Beauty,312.91,84.35,887,Kid check draw dinner debate culture alone.
30a8a467-bd25-4f4d-853d-6eef8c6fe8d4,Integrated heuristic complexity,Sports,209.55,26.63,63,Benefit gun that painting way fund close dark forget.
7272509e-ba2a-453d-bdd2-ca4ad3fbb1fc,Customer-focused global benchmark,Home & Kitchen,365.47,68.9,89,Suddenly build discussion down mention piece certainly agreement guess friend.
165492b9-16bf-4023-8d30-dd7beff58269,Synchronized value-added migration,Toys,281.2,5.5,77,Issue reason talk firm affect skill.
6d83bd76-886a-413b-9ca6-1c4a47abe247,Synchronized 24hour utilization,Sports,4387.963773095542,739.09,469,Program food wind industry dog spend seek spend every community hear.
04187810-a586-455a-9eaf-13bae2f9431c,Programmable impactful archive,Sports,1583.3504717251383,342.15,922,Nor billion what bed term yes language term.
e2e8ccb2-69a3-4f0d-b113-208ffc2ca0e0,Public-key context-sensitive open system,Toys,776.42,225.68,942,Whom summer science enjoy eye its close mean challenge throw.
da022965-c519-4b30-b0ba-5add5d232648,User-friendly exuding policy,Beauty,2391.1900089486185,543.42,644,Point no shoulder whatever phone head organization.
1d093b26-330a-4ec0-b565-d8e3cb5c185c,Enterprise-wide analyzing standardization,Home & Kitchen,976.82,90.83,48,Popular American oil quite least wonder behind cost scientist.
c2342827-8754-465b-bc4b-d048c354c34e,Face-to-face exuding process improvement,Toys,6108.883343089666,126.1,979,Anything politics generation executive else treat.
8773434b-9047-4c11-81b4-02e34a034c7f,Quality-focused regional knowledgebase,Home & Kitchen,638.24,107.22,939,Camera finish lot allow officer book within nation worry address movie accept training.
82323fa4-332f-4fc4-a54d-f991be6fe7c2,Expanded fresh-thinking budgetary management,Home & Kitchen,447.27,77.21,965,For bar nation walk understand magazine better north city available mean fire watch.
8a042c6d-f2b2-4479-9aa2-53b18bcda4bc,Monitored executive circuit,Beauty,563.07,15.22,919,Sort fire son exist bed among.
bca482f7-37b5-4a3c-b638-e8e7be525aed,De-engineered 6thgeneration orchestration,Electronics,4148.477872381051,1164.23,786,Professor field those than factor lay fund form month art.
75695e84-9247-4a3c-8efa-bb8093c8bd89,Vision-oriented scalable open system,Clothing,419.38,22.98,447,Ahead they hear summer hospital thought strong.
82a875c2-d75d-434a-831d-c87d83af320d,Switchable radical open architecture,Electronics,576.69,3.35,679,Whatever second model future third lay.
35a4beaa-8859-4f58-a815-45e44c7004ff,Quality-focused static open system,Electronics,632.0,92.56,34,Respond miss discussion over several edge federal few toward former wrong effort.
362a23ac-01d4-448d-8892-ecfe62328c08,Pre-emptive fault-tolerant database,Beauty,670.54,109.93,975,Send then politics consumer speak though party business former bar reveal treatment.
42ed7ce1-f3dc-4f21-9c18-e7a4deeffbe7,Fully-configurable local circuit,Home & Kitchen,1473.2448870002047,93.68,725,Board color song listen article improve develop size foreign describe.
bb730010-793b-4b35-a920-18eb11e6db5f,Self-enabling full-range groupware,Beauty,573.61,14.67,207,Peace sit rest little week blue build whether.
490094e9-0f11-443b-9639-fb2716e005d8,Quality-focused next generation structure,Beauty,253.21,17.38,322,Early all save on exist world that.
1fb48c11-a12a-40a9-a923-f3dea4667983,Team-oriented interactive contingency,Clothing,291.37,84.63,805,Finish in law bill wide because fast bank in forward any store positive across.
2446f20d-db71-4f79-905d-502fe6447b90,Customizable holistic installation,Clothing,328.64,71.82,611,Citizen must science leg and surface participant market artist suggest language almost style.
446635bb-ef1f-4637-a449-2a520c99bc66,Versatile fault-tolerant protocol,Clothing,966.5,187.33,951,Strategy value in admit book special else.
958b3e37-ef4d-4bff-8de4-0a077427d50f,Decentralized object-oriented website,Books,548.25,1.24,710,Accept camera edge provide camera environmental single.
4412a683-abd9-4659-869c-853823eedcd9,Business-focused stable groupware,Home & Kitchen,4976.596747106496,139.14,212,Seven hope good hold account strategy science can state foot.
14ce1d5d-b61f-4048-8e3e-158f590d0f3f,Polarized systematic projection,Home & Kitchen,nan,nan,665,Recognize environment position green book analysis instead both born simply order.
019313e2-671d-464e-8103-b25906b3467e,Robust bottom-line support,Toys,161.18,22.14,292,Bed course shoulder over light eat.
e03a47ae-540a-47f3-ad13-f9dfa28c6aab,Operative 3rdgeneration framework,Electronics,332.32,21.18,115,Those late believe coach what option chance across air surface rate consider.
9e04c252-1ae9-4ddc-8fa8-e0ae688da173,Multi-tiered clear-thinking array,Books,125.37,28.88,633,Collection trade now away save check take stay realize color.
e3d2e044-15ef-4c75-b3e0-39fd5965962d,Organized well-modulated forecast,Beauty,1312.3566344770513,213.42,835,Sound economy interest draw wonder board call general agent learn soon.
7a668072-e157-4bac-bf0a-9d58659fe117,Universal value-added moderator,Electronics,423.07,123.46,804,Second including rate radio reality best home industry us.
51309294-772c-4491-acfe-89ca6c066f7c,Managed mobile software,Electronics,138.84,26.78,318,New begin own financial five pay grow old poor heavy allow.
c70f59c6-f809-4a13-b5e6-7e8138cc7fbb,Vision-oriented fresh-thinking knowledgebase,Books,561.7026772353258,72.68,991,Significant catch send make carry senior already key stage sister.
21e6aeed-ea72-4695-85db-b4afb2ab8c76,Stand-alone foreground portal,Books,628.45,158.09,39,Good security design spring nation that apply herself girl car human.
6abca883-67e3-4237-9a8a-da45fa819da4,Fundamental system-worthy focus group,Clothing,217.51,24.96,508,Measure everyone loss area how might him hotel top little try commercial interest.
f217ccff-cb35-4c5a-b18e-9143b87e89fb,Synergistic system-worthy application,Sports,668.39,166.14,209,Television Mr bag decide more decade.
80e67f39-58b8-488a-9b2e-54aba1b9dcec,Versatile optimizing ability,Electronics,631.6,65.49,169,List most although spring little foreign.
2f68a0ce-8d7c-45a1-84c4-cba8c6abaca0,Object-based bi-directional service-desk,Clothing,224.16,26.15,858,Fall model soldier certainly live deal close question both save.
0924dc72-b2eb-4b91-971a-9e167b15a92b,Upgradable full-range pricing structure,Sports,445.63,91.51,231,Same mention arm world guy crime social view.
c1cdae12-516e-4478-b876-50641f997491,Balanced hybrid complexity,Beauty,171.44,11.66,936,Half set west stage wall threat value notice out difficult civil meeting.
6d98152a-1e01-4901-a88b-939ded07719a,Phased logistical forecast,Beauty,344.7,72.34,840,Become community forget against fine body several about respond phone religious land after.
2644e2b3-d120-4804-baf4-3aa3d65c7e55,Robust scalable info-mediaries,Beauty,825.15,181.15,575,Car now door kitchen mission study.
df762f01-6f9f-4b10-a13b-f92e007613e9,Operative next generation interface,Home & Kitchen,529.43,47.01,309,He painting each huge avoid describe edge hit like resource group ask.
f7571106-2fc1-441a-8b89-f2792aa7ab16,Front-line neutral access,Toys,512.18,94.1,762,Tv civil pretty rather kind accept those resource goal.
ee8f591c-93b7-4470-acd4-984d1aaf233a,Vision-oriented empowering challenge,Sports,814.54,202.89,37,Hospital none recognize fund article much with glass anything however small respond senior.
3f3fb31c-c32f-4f7e-b109-0165d1ea5923,Mandatory local function,Beauty,915.97,138.22,331,Box three create would discussion fine specific add amount start.
79525bf9-5585-41fe-aeac-391c89aa8a76,Enterprise-wide 5thgeneration installation,Electronics,629.5,111.34,258,Room fire leader treat why environment their present.
5c4876de-1d4a-4ad7-80c5-e1a2c21af248,Enterprise-wide client-driven customer loyalty,Home & Kitchen,885.3,8.33,772,Number he simply mouth door project season under design ago animal some.
dd28999f-5567-4c32-b8ca-9b835d6ad86d,Reactive stable installation,Books,77.64,9.99,740,Administration traditional eye nation coach us happy morning kind.
b0530ec4-ea81-437d-9075-b497b8933a25,Programmable stable forecast,Books,7541.83935467076,1400.86,73,Challenge movement president meet usually without in collection bring record.
b8608ba0-daff-4863-9ced-65cc5658949a,Virtual 5thgeneration project,Home & Kitchen,830.98,139.54,965,Painting surface why alone thought them material.
7b3d7410-c8d3-4a5c-891c-e5c61f54ec14,Re-engineered attitude-oriented Local Area Network,Beauty,262.65,15.71,998,May different car sport pattern stage wonder Republican wait TV their.
7e4ac7ac-c249-41ef-9dee-3e3b8882260a,Sharable grid-enabled throughput,Beauty,524.46,67.11,956,Laugh adult create material star line enough perhaps up.
059459d8-da54-4d5c-b648-a4ce53b20b81,Cloned maximized adapter,Clothing,408.33,62.42,516,Able water impact listen friend computer give present set push.
21a6c0c0-1b86-4894-8024-5912a07fd639,Focused bandwidth-monitored paradigm,Toys,696.08,6.01,10,Out attention possible ok fall maybe sound.
469309ce-d9a0-4bc4-9f0d-114a51775278,Re-engineered coherent hardware,Sports,411.47,88.18,555,End south management this realize picture out form believe bit size people true.
becf5e3d-5e01-49c9-a8a6-cec12a59b5b8,Synchronized non-volatile analyzer,Books,820.46,56.27,361,Hope here list field pay whose suffer pretty general move expert.
47d3c85f-21e2-459c-8edd-f420fae94317,Balanced value-added customer loyalty,Home & Kitchen,621.47,182.83,457,Available east outside green up good great dark professional region officer example.
05a2dc44-ed76-4975-82ee-fb8f5fc8fadf,Upgradable client-driven task-force,Clothing,81.68,3.53,296,Role campaign mean responsibility she action benefit.
133761fd-b760-4983-9fdc-e072776ffa2e,Re-contextualized hybrid Internet solution,Home & Kitchen,nan,nan,312,Rock somebody agree arm my most listen happen between.
b505a64f-511f-4e52-8f8f-6b0e70413582,Phased dynamic alliance,Beauty,964.86,105.34,627,About never value where home lay land son bed difficult forget.
7eed9575-d386-4fe1-87d7-1acb471085bd,Team-oriented empowering model,Electronics,42.8,0.38,655,Tend college church know media likely picture myself little agency concern reduce structure.
38b3e7ea-d8be-46a3-a7a0-ffefabf3d12a,Proactive mobile protocol,Home & Kitchen,525.67,134.62,615,Call game consumer since plant situation daughter my never again score concern.
026371c3-35b4-470a-899a-64baf6d6e1c3,Down-sized maximized infrastructure,Sports,385.89,92.54,22,Huge daughter present north light part yeah teacher.
f0f60f98-0f6f-4989-b387-257870519e65,Customizable modular project,Electronics,814.04,183.38,594,Model price with may this break day describe begin Republican despite education.
ef6f8061-25b4-4e52-a020-b5e6f2ef5499,Advanced context-sensitive frame,Toys,86.39,2.08,594,Production baby same and bad spend.
de60a078-8d0f-4a74-b45d-75d4f41e872b,Customer-focused directional superstructure,Electronics,673.53,12.66,247,Now right full truth clearly ago west bar.
4ec71bd2-6cd3-4b5e-af3d-0a81b0f3ff30,Enterprise-wide homogeneous contingency,Books,753.27,99.8,115,Onto network father bar whose stay occur could bit value hundred sea.
8744b0c9-73c7-48d2-bc0c-431114313a7b,Quality-focused dynamic approach,Toys,851.41,60.16,369,Anyone by me step feeling probably.
dd4c2345-2ad2-4cb6-bf29-66eabe00a9c1,Decentralized demand-driven Graphical User Interface,Beauty,500.55,137.79,788,Central single participant else art send.
eab1367c-b140-4cec-9cf6-1015cb01dfbe,Innovative 4thgeneration middleware,Beauty,891.78,235.84,294,System society soldier generation street deal community wear mention use number story.
7768797a-5939-48c1-85d2-7477c57f83ba,Function-based multi-tasking firmware,Beauty,nan,nan,318,Item check structure possible as without read tree adult technology.
91dc7e41-529c-4b08-82e1-7a4ff54ca407,Switchable systemic challenge,Sports,186.47,38.26,860,Prove key authority different environment military.
2dec01d6-7ff5-4d78-b886-39a6abf983c0,Optional coherent concept,Beauty,5602.92637579614,215.92,390,Medical treat cut behind tell prove eat.
a1ee54e2-a170-47ac-a2c3-25f849e0b37f,Progressive empowering installation,Clothing,497.13,27.75,874,Professional I might gun score hotel feeling crime agree doctor guess fall center.
1c74d757-073a-40b3-b0fa-989321b5c2f7,Distributed content-based flexibility,Clothing,759.78,30.43,502,See radio defense challenge land answer whether with check tree party.
cf8ef977-5af6-4105-8672-248e3f440f4b,Managed neutral pricing structure,Beauty,775.25,200.95,966,Fund among development born Republican surface.
96b359c9-8b17-45f2-8f6a-e5dd2334e3ff,Exclusive optimizing system engine,Home & Kitchen,48.09,6.96,486,Long test nearly science stage involve affect material politics nearly recognize.
56cecc48-7dcc-473f-8d45-79127d238de5,Future-proofed explicit frame,Clothing,871.19,215.58,902,Hair second book stuff provide those former our usually while as for.
3e4ca41e-95a7-4aa0-9ef7-0a69ebbaadd2,Sharable 6thgeneration product,Home & Kitchen,856.17,2.09,636,Down such understand church give although campaign.
23eeaba1-c6d5-4278-821c-5ff1f8631a8d,Proactive zero administration focus group,Home & Kitchen,225.73,21.18,463,Food include keep group become bank executive practice their need.
d1211fea-8432-425d-bac2-829a0c8b7507,Innovative client-server framework,Books,1678.7436539057205,64.31,493,Manage face six partner prepare owner cup under look cause able official.
4bbef606-6c62-4bd3-b85b-13c08a980e0b,Object-based optimal middleware,Books,nan,nan,698,Network science tough something player report sister public.
4369e1fa-4793-47b5-89c6-8e650743b2e0,Networked radical support,Clothing,616.24,35.01,591,Remain pay production senior lay really institution firm.
5b97569e-bfc5-4e0c-b389-d54ec954de9e,Robust clear-thinking open system,Toys,489.74,119.67,769,Blood whose store away fight final respond.
e00c461a-2055-47a0-8ccc-d64092036835,Stand-alone background standardization,Books,918.02,14.52,62,Determine note rock worker the sea act.
458d8e55-6bed-4648-95f6-d822226e486b,Reduced multi-tasking algorithm,Home & Kitchen,nan,nan,347,Training believe money natural fight camera exist decide against bed onto left.
e8ce098c-12dc-490c-bab7-4eb197f30589,Networked modular framework,Clothing,7779.368331986968,1049.17,873,Bar tree never else black face development sure class order.
1fe50330-acd5-4930-8ae9-3ab6b97ccb69,Quality-focused multimedia database,Toys,5108.226543359301,80.69,798,Compare but visit return anything film live education old project dream.
81463c84-bf28-4f62-bdad-d44903147a2c,Right-sized optimizing neural-net,Beauty,849.91,186.82,547,Ago pass memory cultural low bring bank key.
60f18315-53da-4118-a0b1-120ee66f979a,Switchable demand-driven projection,Home & Kitchen,163.34,28.36,71,Fund less institution do suffer other follow Republican.
59fff36a-6d10-4ab8-81ff-c810eb1a15ca,Re-engineered contextually-based collaboration,Sports,746.16,71.41,375,Side sign hot open financial general center program until impact.
07a4b15a-dabb-448f-9948-fc5436f19228,Implemented disintermediate intranet,Books,844.84,76.99,662,Include example reveal so almost answer project color sit.
68fbfc75-ef58-44f5-926b-1be1f0a5bce2,Business-focused attitude-oriented challenge,Clothing,989.95,222.8,426,Against should method think number would present may weight cell.
f7e5b495-99f3-4979-9005-ae6203ea9852,User-friendly bottom-line project,Books,79.17,17.8,951,Guess something never list watch time area parent.
d8d3a080-7dfd-4df2-b31d-0c1fb95d937a,Right-sized 5thgeneration challenge,Books,233.25,43.9,228,Skin oil event left garden factor business politics southern tonight.
0a7c4110-110d-476f-ae13-35bfb99cc80e,De-engineered maximized customer loyalty,Clothing,202.15,42.86,870,Low baby trip beyond sense matter various.
c9bf5142-c500-408e-974c-55451fdb2340,Adaptive real-time synergy,Books,521.75,139.85,605,Still research such well everybody answer carry.
d38e0534-f279-4164-bb11-47bc2cb27c0b,Enterprise-wide grid-enabled implementation,Electronics,434.48,127.3,382,Interview friend establish make mission spring history likely actually prove stand Mr factor.
88aafb7a-029e-41d2-a388-1e0d74f99cee,Vision-oriented fresh-thinking matrix,Sports,75.05,20.21,751,Able very attention sound personal program various line interesting knowledge yourself charge foreign.
73e959a1-2805-4877-a7bc-0ef6b30483ec,Reverse-engineered intermediate capacity,Home & Kitchen,nan,nan,668,Include physical here any leg against year subject since believe draw reflect.
0684d7ec-10a6-40c4-8542-62ccdaa243f9,Public-key clear-thinking utilization,Sports,715.67,11.9,546,Policy per understand social who else suddenly though play.
6e0615ce-a553-4d1b-85ef-8b4fb298b59d,Assimilated exuding time-frame,Beauty,468.23,66.14,190,Radio wind medical serious environment born.
c9aec1c5-7958-4e77-9fae-027d05b5360b,Customer-focused next generation open system,Toys,413.63,112.86,770,Traditional can individual research imagine arm organization build visit green protect seem.
35c98349-a9b9-4106-ab98-0dac2c373b83,Robust eco-centric matrices,Home & Kitchen,901.78,35.43,484,Present somebody stock level despite seek writer control.
78b706cb-a4bf-4129-9830-13fbbbaa94a2,Expanded demand-driven middleware,Sports,627.12,94.45,421,Which stop admit anyone interview southern government century.
c9c328c0-34fd-41c4-b28e-085359a600f9,Expanded neutral paradigm,Clothing,719.84,38.75,532,Generation compare consumer simple us gas.
41f3e707-cf55-41f2-a4d1-7b3598c5ac7c,Team-oriented client-driven methodology,Clothing,255.5,75.81,982,Service leader of summer system piece foot.
64a47ec9-a7be-4044-970e-7f59c7855672,Adaptive hybrid contingency,Books,1637.7663971166555,149.52,894,Practice really few huge probably life seem.
516f8b05-ccc8-409a-9f9f-424f44065cc1,Vision-oriented well-modulated initiative,Toys,845.89,81.04,340,Question hospital affect Democrat do it.
fe5516e7-1bbd-465c-ab33-04f3b0d0eff8,Up-sized reciprocal alliance,Home & Kitchen,593.93,157.73,568,Data morning gas simple soldier little sit citizen easy paper page.
c8ca04cd-9eda-4e6b-b122-fe6915bc2855,Horizontal human-resource artificial intelligence,Home & Kitchen,627.7,95.21,738,South whole learn fight partner politics.
a049c7ed-460c-4e83-96a4-4144fa4f105f,Future-proofed national synergy,Toys,669.81,86.33,170,Approach water financial occur cut say yourself.
525f913a-1044-481c-952d-eb93b9a28b20,Virtual attitude-oriented support,Beauty,11.66,2.75,831,Sort care character move author past right these class.
28d7d489-94aa-4597-97c3-7566dfa06a98,Enhanced mission-critical standardization,Sports,782.54,165.73,551,People performance left fall stage goal occur.
7a2e2431-6c51-4bd0-b751-7537a120ceb5,Networked demand-driven ability,Books,482.0,104.3,981,Put citizen house film foreign age east alone employee be.
fc925b43-e836-4810-b23d-f70fb8b4a170,Ergonomic scalable frame,Books,91.24,13.59,388,Memory general operation hair practice various.
07e1bfe9-f0d8-4057-9e61-46d560613915,Synergistic hybrid firmware,Books,433.63,120.12,572,Play available I require ahead activity.
91cb54ce-404e-49a4-9916-96ae3e588853,Balanced systematic algorithm,Beauty,840.44,239.72,805,Affect difference big own public group of gas.
3df23e5b-ae9b-4b45-9dff-29f103e0ee31,Fundamental motivating strategy,Sports,671.26,40.57,703,Their bar enough president take month career end.
228871e1-ea0e-4df3-ab70-d95b7bdaeee3,Automated foreground toolset,Sports,216.12,53.34,910,Citizen whatever best goal go many myself government probably card early.
eb943cd3-7b74-42f9-b2f7-8c9df703ecb6,Synergized disintermediate Graphical User Interface,Toys,822.22,230.07,207,Turn however you section career appear fear include stage tax.
3392a33d-732b-4418-aaed-31bf9bc4443f,Horizontal fault-tolerant application,Toys,10.68,2.69,735,Example top current structure shake base training decade let.
faac44d2-596c-46cb-84e7-c8091b44ce66,Inverse leadingedge parallelism,Home & Kitchen,95.72,24.57,533,There everyone end long hotel occur bank figure down fly full.
4f675312-5089-4ebf-862d-3b66cf4e31e3,Re-contextualized background productivity,Clothing,509.59,88.92,619,Republican water job business fine daughter.
3db6c931-a072-4496-a554-cdd1363f6db6,Up-sized object-oriented system engine,Electronics,132.91,37.25,975,Write indeed carry current because foreign economy compare.
d0aa2b9e-8b63-44ca-abf1-ae99874591ca,Monitored explicit superstructure,Home & Kitchen,758.25,103.31,769,Specific light left audience money much movement.
9f04c630-3627-4eda-8628-7e71dc5ca827,Distributed coherent alliance,Toys,183.46,13.27,517,Probably moment for knowledge international level cause guess why offer religious.
b454e282-d3af-4813-83c7-4689998c3dc9,Public-key dedicated matrix,Books,233.26,32.27,608,War stop common make thousand think either.
5adfc937-527e-454a-a595-b8410e7e4524,Exclusive asymmetric circuit,Books,nan,nan,215,Degree card range deal herself experience likely performance early.
97f9c621-f6b6-4095-8db0-94320887a4b3,Focused directional intranet,Beauty,436.52,90.16,539,Watch foreign song reach ability animal describe buy American evidence.
453b4de3-b5d9-415c-bc9f-f8ad8495da3f,Cross-platform 4thgeneration methodology,Electronics,538.47,62.62,666,Behind like music sure beautiful let front save occur pull first start child employee.
4e1c2c85-1f6c-428b-baf9-575db2fcf561,Organized transitional open system,Toys,533.65,111.86,803,Evidence recently arm until perform cost husband.
84ccaef0-50f4-488c-a725-f4d7c19e07e4,Programmable modular success,Sports,80.31,13.3,612,Explain sense soon style identify see table.
19f50ba0-c617-4e33-a10c-82a9871a5547,Polarized neutral conglomeration,Clothing,314.57,82.0,647,Because upon nor region mind whom door person.
3df9f203-3208-4379-a318-d86d11e6abdd,Devolved clear-thinking help-desk,Electronics,6520.376325377623,1048.21,876,To discuss police when experience right skill.
90de3a59-5295-4c01-baa1-0fe9b49104a5,Organized leadingedge flexibility,Sports,483.02,4.42,805,Couple my anyone brother music finish name admit society skill.
5b19f458-a4cf-4cf1-9fcc-506d5a852023,Phased systematic utilization,Sports,837.57,167.54,785,Bar tree only leave turn himself ok worry mission consumer health happy represent.
1a135185-7e72-41eb-952b-4224a7338aca,Distributed analyzing data-warehouse,Clothing,723.0,31.58,659,Throw here act strong there agreement.
ceff7040-7f67-4172-aadf-e61ec7b0474e,Optimized holistic monitoring,Toys,2891.0231566715124,2.82,331,Consumer factor expect either human certain loss then me.
ff4cd37d-0006-43ec-9fee-fa86eba868bc,Multi-channeled context-sensitive forecast,Home & Kitchen,4017.158268566975,1066.42,976,Despite benefit movie wait give maintain compare consumer build within report.
1e937be6-ee07-42ca-a749-699245af7531,Enterprise-wide responsive system engine,Books,427.95,47.55,831,Explain age clear movie very Mr cell about soon.
a9a1c797-9a61-4b9f-bb65-c872a82bed97,Advanced next generation customer loyalty,Sports,5039.6297248729825,1258.11,475,Price that direction among room deal life character blood song drug.
d8ff3e79-e446-472a-9c54-88fe0b2f4dcd,Re-contextualized full-range attitude,Home & Kitchen,403.1,57.31,25,Beyond test again realize play race effect.
f52a0fe3-293d-42b0-8cae-06823b6d7dcb,Compatible coherent moratorium,Beauty,415.34,108.87,775,Best fear top capital air start cost thousand.
84ee6e0a-1fe3-4b25-83b6-28b850f73486,Reactive transitional utilization,Toys,168.94,16.7,638,Discuss nature road model movement yourself air necessary much.
881e0a02-3dc0-47a7-abbb-083039b65ac7,Programmable high-level ability,Sports,287.73,27.81,716,To choice know prove bill car.
bb2ebc5e-87aa-4e3d-9b14-378f06043fec,Automated explicit implementation,Sports,354.57,51.78,447,Since true hit player under letter top house argue give character.
b844e1b1-9d5d-48b1-b2da-b88cff45badf,Fundamental 5thgeneration service-desk,Sports,96.08,13.23,672,Wide physical per thus so how throw south structure.
704ed2a4-7afa-4dd6-8a2f-9189cd4644a7,Universal 24/7 utilization,Books,434.96,37.38,289,Activity road brother billion edge represent oil try.
326a0510-e433-4880-9c82-7c22114861f1,Horizontal directional website,Electronics,743.59,38.93,115,Interest ability miss central remember front woman me or manager.
352279bf-910f-4ed0-8c2d-fe9fd7f62ed1,Upgradable bifurcated ability,Home & Kitchen,238.51,23.87,375,Word herself indeed despite increase hotel.
ecfee513-5737-4286-bf8d-6d2ccc7345c4,Fully-configurable web-enabled installation,Sports,940.83,136.7,72,Home character beat girl evidence when but road.
0bcae8c5-5618-4e27-92c9-4a0014221521,Function-based full-range architecture,Electronics,668.81,137.36,994,Party major fill though report time small price.
27e9e5d8-2243-42e7-b1bf-63baf3736d5a,Implemented hybrid utilization,Home & Kitchen,967.58,239.83,793,Which her red respond response imagine oil throughout material adult million.
c715ed5f-afcc-4542-b173-2437601b8f20,Distributed needs-based capacity,Clothing,730.42,165.02,577,Wind indicate start none anyone stand agency.
2549d7b3-475c-49d1-8a49-0d1c7f20ca05,Triple-buffered hybrid collaboration,Toys,807.84,175.88,398,Feel imagine buy purpose marriage determine expert election expect door common person yard hard.
c9dfd9a9-ba23-48f5-832c-ded40fe44675,Future-proofed next generation project,Clothing,363.51,75.34,192,Into range would tell network tell by job.
055e3f74-5f78-42a4-b8a3-0f209914eb0b,Front-line 6thgeneration capacity,Home & Kitchen,353.09,66.54,757,Drop husband choose start involve relationship card.
123b658b-a044-4ede-8fb3-74e35564370a,Advanced homogeneous secured line,Books,4877.673396216186,1285.52,663,Responsibility dark choice way great west operation movement now future line provide attention.
12531c3f-bad5-44b5-8a1d-4fd0f1e7e963,Progressive hybrid success,Beauty,32.54,7.27,313,Water what father themselves simple team my sport growth treatment sit enter night.
9504bd90-19ef-4a89-800e-0e9a04cbcc31,Fundamental fault-tolerant monitoring,Home & Kitchen,320.27,88.18,784,Necessary chance international of local standard condition share daughter.
bbf74b56-c1f9-4746-b887-7ec507517198,Optional leadingedge functionalities,Sports,103.22,1.55,512,Recent bad imagine study just science side.
61224a50-9d9c-4ad0-b532-fdd9dd34584b,Reduced encompassing productivity,Home & Kitchen,945.9,204.41,952,Culture piece message media nice agree data.
712f3ae8-c6a1-4cf5-9d34-8dc44c198be1,Cross-group full-range solution,Toys,2489.3822436021087,618.4,742,Organization natural early carry summer anything most personal.
887ed4ab-2aab-4c50-9e79-b6942f40e2c4,Reduced 4thgeneration array,Home & Kitchen,169.28,32.69,268,Young parent war right now think high.
1e458320-db62-4291-8a7f-d63ce0943294,Progressive foreground open architecture,Books,323.29,6.94,372,Data score artist oil analysis suffer house many yeah news.
edf142e2-b81f-477f-a127-3e2dee99e034,Visionary heuristic project,Beauty,171.53,19.38,199,May across land admit worry high be key.
1934826e-2b41-401c-82c4-f1417761ae87,Devolved background database,Books,776.97,157.5,279,Mr challenge prepare bill future view room throughout project own rate.
f7703603-6a4e-49d2-9ac6-0357259ec68f,Object-based explicit leverage,Clothing,720.87,32.85,619,Student guy serious crime lead someone lead.
81277098-4ea8-4809-a9ae-08875715ab62,Progressive dynamic policy,Clothing,780.99,163.58,479,Performance head true black wife author network generation.
86cb711a-d014-46e7-aed4-2483d8382beb,Public-key exuding hub,Beauty,761.19,135.2,123,Nature consider program him leader none her shake.
07d22b37-be43-4df2-8e53-3ee79f82a087,Exclusive web-enabled hierarchy,Toys,608.65,181.73,65,Threat account know dog future recent effort simple your dinner.
ab122a69-dbee-4e19-9977-f101e1bffd64,Programmable systemic core,Home & Kitchen,409.81,3.18,975,This start street hair late write.
485e6954-69f2-4105-be82-9dc5f1fb5da8,Persevering directional throughput,Toys,555.48,109.15,517,Pay station ready dark cut east institution cost produce effort.
4451b827-279d-45cc-a7d1-991141b787ad,Synergistic mobile Internet solution,Electronics,874.89,171.36,392,After probably staff role run item baby.
35ab6356-de43-434d-8793-9145a1f9330b,Programmable attitude-oriented parallelism,Books,nan,nan,315,Leg expect away thus hope anyone let religious.
208d70ba-a7f4-4ecb-ba9a-c5bdd369145b,Optimized optimizing Graphical User Interface,Sports,426.18,31.42,868,Prepare sure return which its what and tend operation do figure.
376f4c16-3a7f-4e05-b019-d5b56f7898fb,Versatile motivating instruction set,Books,3509.4138923555543,740.96,431,Most modern call likely another sport.
aa5a1256-75f0-4d13-983f-2342c045fbac,Future-proofed discrete functionalities,Home & Kitchen,724.58,159.91,935,City then official early learn action.
6b016bfe-8c4d-40c7-bff3-e461a4238f57,Customizable homogeneous collaboration,Beauty,329.04,20.72,242,Mr work whatever cover same school always such common contain wife player factor.
eb5c16fd-7246-47c1-8ede-2ef6e5dfe80a,Switchable systemic superstructure,Home & Kitchen,453.33,135.68,274,Thank red environmental feeling floor certainly theory other college.
54e001b1-0f23-4237-ba4a-5f4166b01d84,Intuitive mobile hardware,Books,379.77,93.3,82,Turn member however star garden current field least yard professional eye.
b366e7e8-36eb-461c-b49a-c3536935045b,Compatible intermediate policy,Clothing,323.87,19.15,641,Off according while born though religious career explain from open.
9349e778-6ccc-483e-a48c-78013c7dd1fd,Monitored impactful secured line,Books,673.5717817884952,149.15,730,Maybe strong it never actually hundred among reveal pull senior day.
726c8384-7a72-4ac2-8c00-656fbd84d103,Object-based 5thgeneration secured line,Books,271.84,47.59,608,Land food avoid career street art mind form call develop.
7378f6c6-61f6-4775-a249-50913cc85f99,User-friendly clear-thinking protocol,Books,815.25,95.32,853,Represent raise speech program trouble others nothing democratic.
2f5d45b8-430b-4886-984d-410916ddf227,Customer-focused radical Local Area Network,Books,nan,nan,88,Foreign American modern both action country reduce base if successful standard take.
4b58d13e-60cd-4260-a09d-0f08d719b497,Open-architected directional framework,Home & Kitchen,700.22,62.71,324,Attack fact time decision away result deep ability minute sense tend.
c92d8237-408f-4d84-9ecd-096e8e26296e,Inverse grid-enabled orchestration,Home & Kitchen,6034.791813398077,1807.9,725,Technology decision market apply police wall medical keep thing keep situation spring.
779c3fb1-8b9e-4f17-b0a5-12ad416979c6,Multi-lateral interactive archive,Electronics,265.81,11.93,17,Pick serve always total attack tonight seek.
71e172c6-f20d-4d79-aed0-d61715f57ba1,Assimilated object-oriented groupware,Beauty,719.9,114.85,313,Assume party prevent garden allow east actually firm.
309d60dd-e4ca-48ea-adf1-63c2c336719f,Robust national complexity,Toys,32.91,8.71,956,Change PM beat big rise story data follow player reduce ability.
21dcf5d3-e743-4786-9e1e-dfbb64cef722,Synchronized system-worthy protocol,Clothing,897.08,30.27,892,Structure myself realize involve hand grow always show hope lot.
1dd11227-89af-462a-97bd-5133ab7dffd1,Synergistic empowering intranet,Books,825.17,69.25,386,Bit choice single economy especially happen official surface along.
daeb27d3-3956-4224-90d0-c19792d41c46,Triple-buffered system-worthy capability,Beauty,171.02,0.89,370,Set floor inside note board apply painting ever for.
86ec5063-7c05-4655-ac98-3590e3738166,Enhanced mobile project,Beauty,799.17,18.68,950,Weight feeling agency professional according organization federal rich rich.
3cda765d-6081-4f71-a546-b9e6c471f114,Enhanced explicit task-force,Books,nan,nan,154,Open trade indicate star top send plant.
165ef15a-22a5-4b6d-a719-f72213df5e3d,Networked static encoding,Beauty,28.06,0.83,639,Against read hot knowledge news rich short age pretty public what believe.
f6b49436-6da8-403d-a926-46a482e16be8,Visionary multimedia strategy,Toys,186.75,22.64,112,Onto occur poor over establish commercial thank born group mouth hour total.
b58150f0-3791-45b1-a42d-a1fe4f9fcacc,Enterprise-wide foreground hub,Electronics,702.56,184.3,218,Not job building section goal available night.
ec67a668-8b8e-4c27-a2c2-c173e6aa744e,Decentralized national secured line,Home & Kitchen,924.0,233.71,219,To according word sort simple push oil surface.
3926fda9-1efa-45b7-9f26-3ad5b44ddfa3,Streamlined explicit analyzer,Electronics,487.73,102.07,390,Right study mouth interview ago save head away.
7d87371e-b1cc-4b02-b412-ac5c4b665728,Multi-lateral full-range model,Home & Kitchen,661.07,103.93,350,Very husband career individual pressure front senior specific put reveal away stop.
36326c22-e071-4236-ada5-3bc80fef927f,Organized impactful paradigm,Beauty,26.6,4.63,404,Compare oil four authority marriage interesting four sell none admit.
30bd19fd-a2d5-4df5-838e-16a5f6733844,Streamlined radical toolset,Clothing,788.77,125.39,754,High part most world stay that bill point.
39805b90-4f44-43ad-b837-b1ee8b5a740d,Customer-focused next generation portal,Sports,900.78,69.97,716,Story cup decision eye call free sort power any the kind evening.
dc751701-9fc0-4c32-8fd2-2be659b06701,Fully-configurable executive ability,Toys,290.86,36.55,554,Business least particularly million stuff heart dream.
6d3f920f-9b89-417c-9ee5-545a0195c2cb,Quality-focused system-worthy core,Toys,386.83,70.37,819,Special seven couple official personal report somebody down a parent themselves just.
f0577cf3-b477-4093-b164-52e07522b254,Virtual value-added Graphic Interface,Sports,968.96,203.72,874,Suffer state cause general age maybe story case air card thing.
3d607cf0-15f6-458b-8837-4c084ad10cf7,Reduced real-time ability,Home & Kitchen,875.24,99.2,886,Move certainly if himself art none stock season.
88e51089-cce3-4884-9cbc-db70220b7bbd,Intuitive upward-trending concept,Beauty,328.31,72.4,288,Cost strategy though because put across various usually room role.
43bcb78c-1783-4ecf-93e3-e30045b8cdac,Synchronized fresh-thinking customer loyalty,Home & Kitchen,995.69,38.37,946,View fact recently suggest game write since.
757397c2-d81e-4fe1-ac71-8dfe421bb7ab,Profound asynchronous open system,Toys,176.58,44.55,844,Lay hot media PM property police artist street.
df50e3d7-8ac0-4cba-a21d-1296b13e93b8,Realigned reciprocal forecast,Clothing,379.45,97.55,762,Computer red expect quite crime once rule.
57447d17-63d6-4f26-b115-a2cca791339b,Distributed explicit product,Beauty,665.14,62.02,165,Wall how participant off subject radio old organization.
12b8247d-efc7-4367-979b-4b9992713cf3,Down-sized multi-tasking groupware,Clothing,730.13,56.48,138,Art dog list organization himself occur success.
ec3068f6-db84-4282-928a-cdcd07c05810,Vision-oriented multi-state attitude,Toys,298.88,75.26,321,Soldier listen lead upon morning really line receive PM very condition kind.
04963a3a-56f9-406f-8e71-969ad9fd4b89,Compatible 3rdgeneration software,Clothing,624.2,64.53,220,Positive give turn face for various.
88114487-ee4d-42de-ad55-83af1e286a97,Devolved didactic project,Books,203.61,9.27,805,Professor investment fast goal find condition among simply.
af4c6833-0579-4fc7-b2e5-1dc9ea32fa06,Optimized responsive algorithm,Toys,611.85,155.8,144,Moment tree natural garden third article hair education hospital media leg right pass.
d29f09f5-b79b-42fe-aaf3-e7b732227f75,Total 5thgeneration initiative,Sports,69.22,3.78,906,Involve thing fear miss share Mr example for young direction writer agreement home.
15d22371-0f3f-4423-bed9-89fd92a0f481,Monitored client-driven moderator,Home & Kitchen,6405.8619446897,533.98,851,Once machine figure throw answer beyond good affect.
7b2f54e4-8d42-41c0-9561-bf7c21c67e3d,Robust multimedia artificial intelligence,Toys,912.85,133.5,992,Note teach know accept again will although condition professor.
2c060eb3-09b9-4256-bee7-0496a66eeaf9,Front-line tangible frame,Home & Kitchen,715.51,181.32,417,Night other ask where weight perform.
75534df0-955f-4a61-904c-172d3ab4b4e3,Networked high-level system engine,Electronics,nan,nan,418,Full once six animal just film across however.
74b0109c-c617-4e99-919a-41a025a49fb6,Intuitive bifurcated emulation,Sports,851.95,197.01,990,Feel defense write career subject though two this stock itself enough.
8dfbb685-b3fc-4034-a4f2-984970ba7210,Self-enabling 5thgeneration hierarchy,Books,137.68,6.86,808,Think language wide prevent attention degree.
32204211-883c-4026-a4a3-f7b0f2cca02b,Customizable logistical middleware,Clothing,755.73,196.66,192,Two together according well shake test study performance court tree.
0426041e-ed9b-48da-9db6-ed4fa574056d,Customer-focused content-based projection,Home & Kitchen,577.62,42.92,341,Trip third player field letter listen director dark good occur.
42fcb632-74e9-4756-8813-063a53505258,Multi-lateral client-driven success,Home & Kitchen,621.11,156.16,300,Think show enough impact upon forget they back now run year apply close.
30a8e727-c7ce-43ef-abe1-e8ee2a5cd404,Enterprise-wide 3rdgeneration monitoring,Clothing,994.39,160.05,639,Number find perhaps last hour industry increase next.
4a65a26e-84e0-46b8-a47c-f2b45b449b0a,Open-architected explicit structure,Electronics,565.11,31.78,827,Full night art perform machine sort face.
bf2773d7-7097-46b2-b695-08cf2dc914ca,Expanded 4thgeneration encoding,Clothing,755.45,40.46,11,I detail dinner sea behind election husband kid.
8827e7ef-a7ab-4839-9706-844c88313f1a,Optimized fresh-thinking function,Home & Kitchen,nan,nan,40,Sell evidence beat guy Mrs rest.
461520a7-e1ee-45a9-accf-4086d0a96799,Seamless coherent support,Electronics,763.09,186.24,496,National require create such health six approach water usually capital movie popular single.
c28c0746-c4dd-4a16-9f4c-ac35c467241c,Universal logistical system engine,Toys,341.62,77.19,783,Rest against billion somebody fast best establish particularly nature music.
f492a6f3-8da7-4fff-9de1-26147a692055,Expanded demand-driven groupware,Home & Kitchen,808.37,126.49,327,Two energy history capital economy not major Democrat bed box let daughter.
16ef3477-7f44-4d68-ad1e-7c92115a454c,Public-key zero tolerance info-mediaries,Home & Kitchen,964.84,137.15,38,Standard fear card type car role.
9492a69c-a869-419e-8c06-26e022974e56,Vision-oriented bandwidth-monitored database,Books,591.15,139.23,295,Especially possible space subject author method weight draw thought boy whose government story.
3b4eb6b8-7d4c-42f3-85ef-4a252568eaed,Virtual scalable contingency,Sports,nan,nan,821,Either old Mr vote like fly matter yourself.
b3608b2b-f9bc-4a9e-9188-80f10d058150,Versatile didactic instruction set,Home & Kitchen,711.94,24.58,21,Toward new often area fight amount training court will.
fdc76976-2492-471e-a86b-c23c8c8d4e17,Face-to-face object-oriented Graphical User Interface,Home & Kitchen,827.45,83.61,238,To water put soldier along card home baby his.
343e05fe-256f-4e29-ae27-6892d63c9dd5,Object-based 24hour help-desk,Books,459.15,21.47,118,Itself bank travel significant surface difference skin add someone yourself will least life.
238dd66a-88ba-4710-b7f2-1c0df5c74e35,Cross-group mobile capability,Sports,751.47,219.29,734,Decade arm rich audience if against hit.
46a1fbe5-4f6b-4b4e-a4f6-d1df004b9628,Re-contextualized systematic adapter,Toys,997.87,56.6,638,Minute apply make son billion see important.
8d9027c4-caf3-48ee-9c38-e9600efcc516,Innovative radical secured line,Toys,620.24,12.75,487,Star fund ever final boy condition left listen space fly debate western treat.
0bebaa12-0678-462d-b6a3-87a6b0a6e8d6,Multi-tiered scalable success,Electronics,2845.9890370636085,75.08,773,Account indeed case major many respond reality physical week speech talk culture despite.
604c6cc7-e7f1-4c40-b1d9-fab27e6aae77,Open-source disintermediate array,Electronics,819.25,171.59,354,Yes three cover official foot smile difference.
3ff70b77-b661-4547-9b2e-c800e73a29eb,Synergistic logistical hierarchy,Electronics,973.9,65.33,944,Born former role yes subject most near modern young dinner PM those share.
13ce69c6-27b8-4281-bfa9-c188c28d47a0,Automated radical project,Toys,617.95,121.98,566,Plan parent today parent leave commercial.
3fe255ae-a363-4672-a62a-98c07630f9c3,Cross-platform high-level interface,Clothing,604.3,41.55,27,Offer almost type real approach born almost less eight east current explain.
edd8f0e5-d28d-4a51-86a7-dc7bb601f16a,Balanced non-volatile conglomeration,Sports,2680.322628503594,799.74,177,Process mean young example American work forget then himself design.
b71e297b-a2c3-4923-90a8-91135e3fa60b,Advanced empowering project,Clothing,603.48,2.27,914,Would occur week expect front himself score realize billion address.
ce907de1-6b56-4f8c-a027-ae7a15556bc6,Vision-oriented global pricing structure,Beauty,808.23,56.84,134,Different use media get where plan avoid they side low property fund nothing.
f6648b8a-66e9-42bc-a3de-f79e98f8fe15,Operative reciprocal infrastructure,Electronics,524.97,4.83,159,Story exist growth establish foot this miss bad office three itself however clear.
dd66f72c-1cc0-4f44-b0da-d21ddb584989,Centralized reciprocal monitoring,Books,609.04,121.45,300,Free them group leave shake event rather though fire wonder song.
6d007978-afb5-4b8c-a6eb-9705424c323a,Horizontal methodical middleware,Home & Kitchen,631.81,166.28,424,Arm coach rest easy think employee national however.
7843a4ce-d40e-42f2-b42d-e6d003e7da9d,Secured asynchronous complexity,Home & Kitchen,nan,nan,738,Room both little million sport Mrs language.
7c8f534d-2c6f-4b56-a839-79946e1322cc,Team-oriented mobile analyzer,Sports,86.28,7.16,59,Practice sit material we good resource maybe high from.
e9e9ca20-34c2-4468-b489-f4057b932d2f,Phased incremental open architecture,Home & Kitchen,207.88,27.03,941,Six institution summer common media scene go simply beautiful win accept join.
14093bbe-e1a7-4651-8243-a5ab331be1c2,Proactive actuating array,Home & Kitchen,242.55,70.67,974,Minute save total look million southern type four.
55090143-5f88-43f3-a183-75a22aeb7073,Virtual client-driven collaboration,Toys,6123.782440834608,612.49,586,Join public follow professional such official career strong war recently challenge along.
407d0df7-69dd-40c1-834b-d57e1beb7bb2,Robust mission-critical encryption,Electronics,733.62,150.13,171,Dog thing bag recently discover open fear physical range business.
3a3f746e-4e22-4960-9e07-339b90dc2def,Persevering foreground product,Electronics,350.62,73.19,603,Address lay heart without nothing accept tend final.
46639833-982b-4412-95f1-fd2e0eb92918,Self-enabling leadingedge architecture,Home & Kitchen,694.87,88.64,381,Shake exactly stock against another just trouble agree their beyond test if style.
49b07d39-45b1-4f40-a42d-2ddd8d78625d,User-friendly 3rdgeneration focus group,Toys,183.92,5.65,436,Land learn side issue fact discuss once amount require.
f9b9dae9-56cc-4af2-ab7f-bf3002361d77,Balanced value-added collaboration,Clothing,66.1,0.75,832,Operation red sport win allow mean bit cost recognize reflect.
03f85424-d3ca-4bc5-8e67-2e0a9617676b,Re-engineered attitude-oriented support,Toys,920.17,241.15,725,Dream many loss kind during training.
e404bdf3-581d-4dee-a2aa-1df61bcbdcc9,Right-sized 24/7 flexibility,Electronics,305.1,5.5,116,Movie recognize generation example over through student beyond nothing region live.
5862d8ad-e44e-44f2-9f25-de3b406be124,Public-key zero-defect customer loyalty,Clothing,856.85,6.95,267,Often likely class trip personal training knowledge billion.
ddecb8b8-2e73-4b9f-8cc7-969a109b18a2,Assimilated maximized paradigm,Toys,nan,nan,910,Water opportunity challenge so recognize become husband half late democratic art.
81f05025-2ed9-47f9-b3b6-9e16eced53c9,Fundamental multimedia firmware,Clothing,659.13,118.52,897,Teach improve guy adult plant exactly.
d8f6afe2-7d11-49c7-ac95-e96d649c6c1c,Compatible composite implementation,Home & Kitchen,231.68,63.23,78,Support moment natural six entire each herself night else civil house act probably executive.
22400ab7-5ae8-416a-a61c-84149071866e,Balanced analyzing service-desk,Books,44.83,11.95,708,Science response evidence seven help draw during little wind question why manage heart.
e2bf7952-f2c7-4e37-b01c-6811b7ff843d,Implemented human-resource capability,Home & Kitchen,73.76,4.49,888,Live increase fine pay range fine pass heart late else short.
0b1fa03c-f7cc-45ec-a366-35f1c67fb155,Enhanced background concept,Home & Kitchen,464.27,125.89,918,Election artist listen general case over with herself.
58fe40a3-150e-4848-95e0-b51d2df6668c,Managed client-driven matrix,Books,235.97,1.55,825,Issue give usually tree explain approach federal brother provide threat fight good.
291a59e9-555e-4efe-9f5c-229ece324c80,Reactive discrete task-force,Books,378.91,57.9,127,Thank begin attack maintain case more beat benefit share receive.
badfa141-80b7-4afe-b86a-12bddeda2744,Reduced object-oriented collaboration,Books,360.71,29.87,619,Happen image foot response friend often.
57c16c01-01a5-4b79-acaa-766ae3c6a8e1,Open-architected leadingedge hierarchy,Clothing,1065.015594811328,138.61,318,Daughter Republican other sea live similar either type majority son leader value.
fd7f2c4c-6136-46b9-8679-34dc3e776312,Implemented regional hardware,Sports,62.88,13.79,557,Thing deal save baby keep good recognize in beat imagine reduce.
a5f30408-778f-49e2-8897-f20454d355bd,Upgradable foreground database,Home & Kitchen,148.16,37.6,388,Campaign green consider decade stay by.
0782ae7e-51d2-4d64-ba4d-7cdc66ab79e5,Adaptive maximized data-warehouse,Electronics,nan,nan,447,Young instead arm across develop successful finish work threat practice.
222f94fb-14c8-40d4-8356-ff0e9fe538ee,Universal non-volatile benchmark,Electronics,939.71,280.7,906,Radio real view trial forget something know nearly stock all place big.
49457003-da00-45bc-8c98-08ec8651a15a,Phased global functionalities,Home & Kitchen,223.08,1.31,419,Process just system participant media subject result rich.
165a07ba-84af-45a2-8bb1-c7654334f4ff,Robust holistic middleware,Home & Kitchen,4144.395116393544,1237.77,249,Wait try until industry pay carry support throughout figure knowledge us.
799333cf-e0c6-4ff5-b3b2-c06c6807ac11,Front-line exuding encryption,Home & Kitchen,52.4,15.63,284,After large win these marriage wish really bring least offer region coach medical president.
a332f5c1-285e-40f6-8c09-ed7a0a99e8a6,Public-key client-server hub,Home & Kitchen,184.92,33.85,297,Everybody against because capital cultural prove whom join think.
ee34d913-f8dd-4bbf-ad0b-187f5f0b8dd8,Multi-lateral executive hardware,Home & Kitchen,190.35,27.6,995,Account response indeed scene scientist night door have week suddenly begin step western.
eb5d2b7c-65db-4254-9eb4-7e02323753af,Distributed tertiary utilization,Toys,742.44,177.32,147,Study amount box might white hit common leader save include miss minute carry.
1fa721be-dd18-4c87-9559-c0205c0580a6,Robust actuating implementation,Toys,437.24,58.81,123,Certainly ten everyone brother skill girl beat.
80557c4a-1e2e-486a-ad13-9eb26ab69589,Vision-oriented intermediate Graphic Interface,Sports,4332.83956377248,1157.75,555,Image key second late admit ahead building idea girl former social.
e194348a-0109-4472-8025-3ec7726dd058,Persistent intermediate matrix,Toys,2494.5800071256326,608.98,899,All agreement vote suggest play then answer party physical those economy fish.
8db34cc2-5d51-4132-8c0d-3978e3b296ca,Cross-group global infrastructure,Sports,489.62,17.1,385,With one time modern stock pressure investment democratic.
24b57f9c-6542-4a5b-921f-de399b77027f,Seamless holistic instruction set,Beauty,522.25,80.04,638,Interesting least despite contain once smile myself power source market Democrat.
6af10aa6-e282-48e2-bec6-6425500bf636,Upgradable well-modulated product,Toys,650.45,69.68,997,Street and weight add particular wife charge customer start interest sometimes oil.
054ffafc-70c4-403f-adc8-18b59036a730,Switchable human-resource functionalities,Clothing,84.03,4.79,576,Feel safe everyone little artist be federal.
c2444daf-da2d-4c25-b624-2789126aaa86,De-engineered logistical project,Beauty,262.99,55.43,598,Use physical sign author hope mention walk medical campaign important assume.
e7e9753c-0157-4950-aee7-a7cac77a0a92,Phased logistical concept,Books,nan,nan,645,Unit sell deep mean food certainly pass reason.
1c48e67d-9c1a-49f4-acea-c44c1f403066,Profound heuristic function,Beauty,804.73,126.65,45,Night resource environmental one effect believe blue include father last trouble court.
0857e94d-f428-400f-907b-f1748d821156,Triple-buffered transitional migration,Toys,791.27,219.79,734,White throughout position few walk important score support create energy.
87f1043f-16fe-4a70-8167-b0bc6bbf8225,Customer-focused multi-state circuit,Toys,88.85,11.54,572,Subject professional possible action team describe.
3d2a07b3-1170-441b-8afa-ac8eeb61fbfe,Enterprise-wide 4thgeneration approach,Books,887.63,159.43,856,Safe owner nature owner form range should control.
c6745fae-0677-4629-8ea0-6eca80bc07f6,Optimized motivating strategy,Electronics,620.05,179.08,265,Wall form sing into girl meet soon level score face list break mother.
ba40c4c5-272c-4f5d-8b9b-babbd84c8bd5,Automated encompassing instruction set,Home & Kitchen,488.88,8.79,969,Plant structure now guy machine down those.
6169a059-f6cb-4051-bb97-3c6a316d257f,Extended didactic pricing structure,Electronics,744.36,204.96,880,Gun stand nor agency indeed leave per quickly summer trade.
16412464-29ec-466e-925f-f2db4649f96c,Cloned zero-defect product,Books,581.44,145.76,642,Democrat information note we administration this agree try investment just.
912987d7-e285-412e-8d28-2da92bfaffe2,Reverse-engineered empowering ability,Clothing,934.76,40.66,907,Only yeah eat tax performance him movement strong indeed task source news.
ad78d190-d395-4072-bdc5-a4e9dc639cdb,Extended maximized circuit,Toys,295.16,34.6,266,Impact place view program approach performance.
19d6d893-b805-4b58-8527-6322a848f369,Cross-platform object-oriented forecast,Beauty,770.06,137.38,15,Eight note responsibility industry wall page per spend.
0d2f086f-eb2f-465b-8295-474db8177d7b,Realigned 24/7 leverage,Electronics,2338.5166991396054,387.65,462,Southern modern cover hand type could claim spend.
43caf92f-5cb4-446f-a802-5cbe63402348,Reactive contextually-based instruction set,Home & Kitchen,900.58,26.69,428,Entire even gas radio take religious student girl.
7e6e5427-5069-445a-8c7e-d99f9935c490,Object-based empowering throughput,Clothing,970.64,287.42,445,Stand safe too worry reason sit.
